age,education,housing,loan,duration,campaign,pdays,previous,emp.var.rate,cons.price.idx,cons.conf.idx,euribor3m,nr.employed,y,poutcome_failure,poutcome_nonexistent,poutcome_success,job_admin.,job_blue-collar,job_entrepreneur,job_housemaid,job_management,job_retired,job_self-employed,job_services,job_student,job_technician,job_unemployed,marital_divorced,marital_married,marital_single,contact_cellular,contact_telephone
26,4,1,0,369,1,999,0,1.4,93.91799999999999,-42.7,4.96,5228.1,0,0,1,0,0,1,0,0,0,0,0,0,0,0,0,0,0,1,1,0
51,3,1,0,166,2,999,0,1.4,93.91799999999999,-42.7,4.961,5228.1,0,0,1,0,0,0,0,0,0,0,0,0,0,1,0,0,1,0,1,0
61,4,0,0,165,2,999,0,-1.8,93.749,-34.6,0.659,5008.7,0,0,1,0,0,0,0,0,0,1,0,0,0,0,0,0,1,0,1,0
52,3,1,0,219,1,999,0,1.4,94.465,-41.8,4.959,5228.1,0,0,1,0,1,0,0,0,0,0,0,0,0,0,0,1,0,0,0,1
34,6,1,0,377,1,999,0,-1.8,93.075,-47.1,1.405,5099.1,0,0,1,0,0,1,0,0,0,0,0,0,0,0,0,0,1,0,1,0
31,3,0,0,439,2,999,0,1.1,93.994,-36.4,4.857,5191.0,0,0,1,0,0,1,0,0,0,0,0,0,0,0,0,0,1,0,0,1
26,5,0,0,49,3,999,0,-1.8,92.89299999999999,-46.2,1.25,5099.1,0,0,1,0,0,1,0,0,0,0,0,0,0,0,0,0,0,1,1,0
38,7,1,0,83,1,999,0,-0.1,93.2,-42.0,4.0760000000000005,5195.8,0,0,1,0,0,0,0,0,1,0,0,0,0,0,0,0,1,0,1,0
48,4,0,0,284,2,999,0,1.1,93.994,-36.4,4.857,5191.0,0,0,1,0,0,1,0,0,0,0,0,0,0,0,0,0,1,0,0,1
51,2,0,0,200,2,999,0,1.4,93.91799999999999,-42.7,4.96,5228.1,0,0,1,0,0,1,0,0,0,0,0,0,0,0,0,0,1,0,1,0
41,4,0,0,74,1,999,0,1.1,93.994,-36.4,4.86,5191.0,0,0,1,0,0,1,0,0,0,0,0,0,0,0,0,0,0,1,0,1
41,7,1,0,269,7,6,3,-1.7,94.215,-40.3,0.8959999999999999,4991.6,0,0,0,1,1,0,0,0,0,0,0,0,0,0,0,0,1,0,1,0
50,2,0,0,1130,3,999,0,1.4,93.91799999999999,-42.7,4.962,5228.1,1,0,1,0,0,1,0,0,0,0,0,0,0,0,0,0,1,0,1,0
42,5,1,0,163,1,999,0,-1.8,93.075,-47.1,1.406,5099.1,1,0,1,0,0,0,0,0,0,0,0,0,0,1,0,0,1,0,1,0
30,5,1,0,207,1,999,0,1.1,93.994,-36.4,4.8580000000000005,5191.0,0,0,1,0,0,0,0,1,0,0,0,0,0,0,0,0,1,0,0,1
30,7,1,0,78,1,999,0,1.4,93.444,-36.1,4.968,5228.1,0,0,1,0,0,0,0,0,0,0,0,0,0,1,0,0,0,1,1,0
41,4,0,0,105,2,999,0,1.1,93.994,-36.4,4.8580000000000005,5191.0,0,0,1,0,0,1,0,0,0,0,0,0,0,0,0,0,1,0,0,1
54,7,0,0,217,7,999,0,-1.8,92.89299999999999,-46.2,1.3130000000000002,5099.1,0,0,1,0,0,0,0,0,0,0,0,0,0,1,0,0,1,0,1,0
31,6,1,0,662,1,999,0,1.4,93.91799999999999,-42.7,4.962,5228.1,1,0,1,0,0,0,0,0,0,0,0,0,0,1,0,1,0,0,1,0
29,7,1,0,226,3,999,0,1.4,93.444,-36.1,4.9639999999999995,5228.1,0,0,1,0,0,0,0,0,0,0,0,0,0,1,0,0,0,1,0,1
29,6,1,0,332,1,999,0,1.4,93.91799999999999,-42.7,4.962,5228.1,0,0,1,0,0,0,0,0,0,0,0,0,0,1,0,0,1,0,1,0
34,6,1,1,136,1,999,0,-1.8,92.84299999999999,-50.0,1.726,5099.1,0,0,1,0,0,0,0,0,0,0,0,0,0,1,0,0,0,1,1,0
47,6,1,0,69,1,999,0,1.1,93.994,-36.4,4.86,5191.0,0,0,1,0,0,0,0,0,0,0,0,0,0,1,0,0,1,0,0,1
36,7,0,0,386,3,999,0,1.1,93.994,-36.4,4.857,5191.0,0,0,1,0,0,0,1,0,0,0,0,0,0,0,0,0,1,0,0,1
34,7,0,0,29,1,999,0,-0.1,93.2,-42.0,4.0760000000000005,5195.8,0,0,1,0,0,0,0,0,1,0,0,0,0,0,0,0,1,0,0,1
37,5,0,0,298,2,999,0,-3.4,92.649,-30.1,0.7190000000000001,5017.5,0,0,1,0,0,0,1,0,0,0,0,0,0,0,0,1,0,0,1,0
58,7,1,0,174,5,999,0,1.4,93.91799999999999,-42.7,4.957,5228.1,0,0,1,0,0,0,0,0,1,0,0,0,0,0,0,1,0,0,0,1
35,5,0,0,130,3,999,1,-1.8,92.89299999999999,-46.2,1.354,5099.1,0,1,0,0,0,0,0,0,0,0,0,1,0,0,0,0,1,0,1,0
34,3,1,0,320,1,999,0,1.4,93.91799999999999,-42.7,4.96,5228.1,0,0,1,0,0,1,0,0,0,0,0,0,0,0,0,0,1,0,1,0
30,7,1,0,617,2,999,0,-2.9,92.963,-40.8,1.26,5076.2,1,0,1,0,1,0,0,0,0,0,0,0,0,0,0,0,0,1,1,0
29,7,0,0,873,2,999,0,1.4,93.91799999999999,-42.7,4.957,5228.1,1,0,1,0,1,0,0,0,0,0,0,0,0,0,0,0,0,1,1,0
37,7,1,0,300,1,999,2,-1.7,94.055,-39.8,0.748,4991.6,1,1,0,0,0,0,0,0,0,0,0,0,0,1,0,0,0,1,1,0
52,3,1,0,112,1,999,0,1.4,93.444,-36.1,4.966,5228.1,0,0,1,0,0,0,0,1,0,0,0,0,0,0,0,0,1,0,1,0
36,7,0,0,84,1,999,0,1.4,93.91799999999999,-42.7,4.96,5228.1,0,0,1,0,0,0,0,0,0,0,1,0,0,0,0,0,0,1,1,0
43,7,1,0,281,4,999,0,1.4,93.444,-36.1,4.9639999999999995,5228.1,0,0,1,0,1,0,0,0,0,0,0,0,0,0,0,0,1,0,1,0
55,2,0,0,525,2,999,0,1.4,93.91799999999999,-42.7,4.957,5228.1,0,0,1,0,0,1,0,0,0,0,0,0,0,0,0,0,1,0,1,0
36,2,0,0,246,1,999,1,-1.8,92.89299999999999,-46.2,1.344,5099.1,0,1,0,0,0,1,0,0,0,0,0,0,0,0,0,0,1,0,1,0
42,5,0,0,127,1,999,0,1.4,93.444,-36.1,4.9639999999999995,5228.1,0,0,1,0,1,0,0,0,0,0,0,0,0,0,0,0,0,1,1,0
45,5,1,0,651,4,999,0,-1.8,93.075,-47.1,1.415,5099.1,0,0,1,0,0,0,0,0,0,0,0,1,0,0,0,0,1,0,1,0
46,5,1,0,6,1,999,1,-1.8,92.89299999999999,-46.2,1.25,5099.1,0,1,0,0,0,0,0,0,0,0,0,1,0,0,0,0,1,0,1,0
29,5,1,1,36,3,999,0,1.4,93.444,-36.1,4.963,5228.1,0,0,1,0,1,0,0,0,0,0,0,0,0,0,0,0,1,0,1,0
48,3,1,0,130,1,999,0,1.4,94.465,-41.8,4.961,5228.1,0,0,1,0,0,1,0,0,0,0,0,0,0,0,0,0,1,0,0,1
34,7,0,0,62,1,999,0,-2.9,92.963,-40.8,1.266,5076.2,0,0,1,0,1,0,0,0,0,0,0,0,0,0,0,0,0,1,1,0
52,2,1,0,249,1,999,0,-1.8,93.075,-47.1,1.445,5099.1,0,0,1,0,0,1,0,0,0,0,0,0,0,0,0,0,1,0,1,0
30,7,1,0,142,2,999,0,1.4,93.444,-36.1,4.963,5228.1,0,0,1,0,1,0,0,0,0,0,0,0,0,0,0,0,1,0,1,0
26,4,1,0,75,2,999,1,-3.4,92.431,-26.9,0.742,5017.5,0,1,0,0,0,0,0,0,0,0,0,0,1,0,0,0,0,1,1,0
42,5,0,0,181,3,999,0,1.1,93.994,-36.4,4.857,5191.0,0,0,1,0,0,0,0,0,0,0,0,0,0,0,1,0,1,0,0,1
32,7,1,0,106,1,999,0,1.4,93.444,-36.1,4.9639999999999995,5228.1,0,0,1,0,0,0,0,0,1,0,0,0,0,0,0,0,1,0,1,0
24,6,0,0,582,2,999,0,-1.8,92.89299999999999,-46.2,1.25,5099.1,0,0,1,0,0,0,0,0,0,0,0,0,0,1,0,0,0,1,1,0
31,3,1,0,12,3,999,0,1.4,94.465,-41.8,4.959,5228.1,0,0,1,0,0,0,1,0,0,0,0,0,0,0,0,0,0,1,0,1
55,7,1,0,230,4,999,0,1.1,93.994,-36.4,4.855,5191.0,0,0,1,0,1,0,0,0,0,0,0,0,0,0,0,1,0,0,0,1
33,4,1,0,1019,11,999,0,1.4,93.91799999999999,-42.7,4.957,5228.1,1,0,1,0,0,1,0,0,0,0,0,0,0,0,0,0,1,0,1,0
43,5,1,1,70,3,999,0,-0.1,93.2,-42.0,4.191,5195.8,0,0,1,0,0,0,0,0,1,0,0,0,0,0,0,0,1,0,1,0
41,4,0,0,62,1,999,0,1.1,93.994,-36.4,4.857,5191.0,0,0,1,0,0,1,0,0,0,0,0,0,0,0,0,0,1,0,0,1
32,4,0,0,168,1,999,0,1.4,93.91799999999999,-42.7,4.963,5228.1,0,0,1,0,0,0,0,0,0,0,0,1,0,0,0,0,0,1,1,0
31,5,0,1,9,17,999,0,1.4,93.91799999999999,-42.7,4.968,5228.1,0,0,1,0,0,0,0,0,0,0,0,1,0,0,0,0,0,1,1,0
29,7,0,0,99,2,999,0,1.1,93.994,-36.4,4.857,5191.0,0,0,1,0,0,0,0,0,1,0,0,0,0,0,0,0,0,1,0,1
54,3,0,0,112,1,999,0,1.4,93.91799999999999,-42.7,4.962,5228.1,0,0,1,0,0,0,0,0,0,0,0,0,0,1,0,0,1,0,1,0
31,7,0,0,854,1,999,0,-3.0,92.713,-33.0,0.715,5023.5,1,0,1,0,0,0,0,0,0,0,1,0,0,0,0,0,0,1,1,0
40,4,0,0,141,3,999,0,1.4,93.91799999999999,-42.7,4.96,5228.1,0,0,1,0,0,0,0,0,0,0,0,0,0,1,0,0,1,0,1,0
34,7,0,1,114,2,999,0,1.4,93.91799999999999,-42.7,4.968,5228.1,0,0,1,0,0,0,0,0,0,0,0,0,0,1,0,0,1,0,1,0
32,7,1,1,152,2,999,0,1.4,93.444,-36.1,4.9639999999999995,5228.1,0,0,1,0,1,0,0,0,0,0,0,0,0,0,0,0,1,0,1,0
37,4,1,0,122,1,999,0,1.4,93.91799999999999,-42.7,4.957,5228.1,0,0,1,0,0,0,0,0,0,0,0,1,0,0,0,1,0,0,1,0
35,7,1,1,358,1,999,0,-1.8,93.075,-47.1,1.365,5099.1,0,0,1,0,1,0,0,0,0,0,0,0,0,0,0,0,0,1,1,0
37,5,1,0,204,3,999,0,1.4,93.91799999999999,-42.7,4.962,5228.1,0,0,1,0,1,0,0,0,0,0,0,0,0,0,0,0,1,0,1,0
30,5,1,0,180,3,999,1,-1.8,93.075,-47.1,1.405,5099.1,0,1,0,0,1,0,0,0,0,0,0,0,0,0,0,0,0,1,1,0
60,6,1,0,448,3,999,0,1.4,93.444,-36.1,4.968,5228.1,0,0,1,0,0,0,0,0,0,1,0,0,0,0,0,0,1,0,1,0
38,5,0,0,147,3,999,0,1.4,93.91799999999999,-42.7,4.962,5228.1,0,0,1,0,0,1,0,0,0,0,0,0,0,0,0,0,0,1,1,0
49,3,1,1,441,2,999,0,-1.8,93.075,-47.1,1.405,5099.1,0,0,1,0,1,0,0,0,0,0,0,0,0,0,0,0,0,1,1,0
55,5,0,1,307,1,999,1,-1.8,93.075,-47.1,1.405,5099.1,1,1,0,0,1,0,0,0,0,0,0,0,0,0,0,0,1,0,1,0
28,5,1,0,267,10,999,0,1.4,94.465,-41.8,4.865,5228.1,0,0,1,0,1,0,0,0,0,0,0,0,0,0,0,0,1,0,0,1
26,6,1,0,345,2,999,0,1.1,93.994,-36.4,4.857,5191.0,0,0,1,0,0,0,0,0,0,0,0,0,0,1,0,0,1,0,0,1
51,2,0,0,448,1,999,0,1.1,93.994,-36.4,4.857,5191.0,0,0,1,0,0,1,0,0,0,0,0,0,0,0,0,0,0,1,0,1
28,7,1,0,187,1,999,0,-1.8,92.89299999999999,-46.2,1.266,5099.1,0,0,1,0,1,0,0,0,0,0,0,0,0,0,0,0,0,1,1,0
32,6,0,0,278,2,999,0,1.1,93.994,-36.4,4.864,5191.0,0,0,1,0,0,1,0,0,0,0,0,0,0,0,0,0,1,0,0,1
66,5,1,0,210,1,999,0,-1.8,92.89299999999999,-46.2,1.2590000000000001,5099.1,0,0,1,0,0,0,0,1,0,0,0,0,0,0,0,0,1,0,1,0
54,7,1,0,39,2,999,0,1.4,94.465,-41.8,4.864,5228.1,0,0,1,0,0,0,1,0,0,0,0,0,0,0,0,0,1,0,0,1
33,7,1,0,240,1,999,0,-0.1,93.2,-42.0,4.0760000000000005,5195.8,0,0,1,0,1,0,0,0,0,0,0,0,0,0,0,0,1,0,1,0
46,6,0,0,247,1,999,0,1.1,93.994,-36.4,4.857,5191.0,0,0,1,0,0,1,0,0,0,0,0,0,0,0,0,0,1,0,0,1
49,2,0,0,122,4,999,0,1.1,93.994,-36.4,4.855,5191.0,0,0,1,0,0,1,0,0,0,0,0,0,0,0,0,0,1,0,0,1
39,6,1,1,80,2,999,0,1.4,93.444,-36.1,4.966,5228.1,0,0,1,0,0,0,0,0,0,0,0,0,0,1,0,1,0,0,1,0
35,7,1,0,146,3,999,0,1.4,93.444,-36.1,4.968,5228.1,0,0,1,0,1,0,0,0,0,0,0,0,0,0,0,0,1,0,1,0
29,2,1,1,104,5,999,0,-0.1,93.2,-42.0,4.0760000000000005,5195.8,0,0,1,0,0,1,0,0,0,0,0,0,0,0,0,0,0,1,1,0
36,2,1,0,163,2,999,1,-0.1,93.2,-42.0,4.1530000000000005,5195.8,0,1,0,0,0,0,0,1,0,0,0,0,0,0,0,1,0,0,1,0
39,5,1,0,361,1,999,0,1.4,93.91799999999999,-42.7,4.962,5228.1,0,0,1,0,1,0,0,0,0,0,0,0,0,0,0,0,0,1,1,0
33,6,1,0,201,1,999,1,-1.8,92.89299999999999,-46.2,1.281,5099.1,0,1,0,0,0,0,0,0,0,0,0,0,0,1,0,0,0,1,1,0
46,6,0,0,64,3,999,0,-0.1,93.2,-42.0,4.191,5195.8,0,0,1,0,0,0,0,0,0,0,0,0,0,1,0,0,1,0,1,0
40,6,1,0,258,6,999,0,1.4,93.444,-36.1,4.962,5228.1,0,0,1,0,0,0,0,0,0,0,0,0,0,1,0,0,1,0,1,0
39,5,0,0,344,2,999,0,1.1,93.994,-36.4,4.86,5191.0,0,0,1,0,1,0,0,0,0,0,0,0,0,0,0,0,0,1,0,1
35,6,0,0,139,1,999,0,1.4,93.91799999999999,-42.7,4.961,5228.1,0,0,1,0,1,0,0,0,0,0,0,0,0,0,0,0,1,0,1,0
31,6,0,1,367,2,999,1,-3.0,92.713,-33.0,0.7090000000000001,5023.5,1,1,0,0,1,0,0,0,0,0,0,0,0,0,0,0,1,0,1,0
32,7,1,1,69,2,999,0,-3.4,92.37899999999999,-29.8,0.8190000000000001,5017.5,0,0,1,0,1,0,0,0,0,0,0,0,0,0,0,0,0,1,1,0
43,7,1,0,534,1,999,0,1.4,93.91799999999999,-42.7,4.958,5228.1,0,0,1,0,0,0,0,0,0,0,0,0,0,1,0,0,0,1,1,0
36,7,1,0,422,1,3,4,-1.7,94.055,-39.8,0.72,4991.6,1,0,0,1,0,0,0,0,1,0,0,0,0,0,0,1,0,0,1,0
25,2,1,0,304,2,999,0,1.1,93.994,-36.4,4.859,5191.0,0,0,1,0,0,1,0,0,0,0,0,0,0,0,0,0,0,1,0,1
44,3,1,0,194,3,999,0,1.1,93.994,-36.4,4.859,5191.0,0,0,1,0,0,1,0,0,0,0,0,0,0,0,0,0,1,0,0,1
28,7,1,0,368,1,999,0,-3.4,92.37899999999999,-29.8,0.8190000000000001,5017.5,0,0,1,0,0,0,0,0,1,0,0,0,0,0,0,0,0,1,1,0
31,7,1,0,259,2,999,0,-1.8,92.89299999999999,-46.2,1.344,5099.1,0,0,1,0,1,0,0,0,0,0,0,0,0,0,0,1,0,0,0,1
35,6,1,0,137,1,999,0,1.4,93.444,-36.1,4.965,5228.1,0,0,1,0,0,0,0,0,0,0,0,0,0,1,0,0,0,1,1,0
31,5,0,0,90,1,999,0,-1.8,92.89299999999999,-46.2,1.334,5099.1,0,0,1,0,0,0,0,0,1,0,0,0,0,0,0,0,0,1,1,0
34,4,1,0,232,2,999,0,1.4,94.465,-41.8,4.959,5228.1,0,0,1,0,0,1,0,0,0,0,0,0,0,0,0,0,1,0,0,1
37,5,1,0,63,2,999,2,-1.8,93.075,-47.1,1.41,5099.1,0,1,0,0,0,0,0,0,0,0,0,0,0,1,0,0,0,1,0,1
28,4,0,1,261,1,999,1,-1.7,94.027,-38.3,0.899,4991.6,1,1,0,0,0,0,0,0,0,0,0,0,0,0,1,0,0,1,1,0
39,4,1,0,327,2,999,0,-1.8,92.89299999999999,-46.2,1.2990000000000002,5099.1,0,0,1,0,0,1,0,0,0,0,0,0,0,0,0,0,1,0,1,0
51,7,1,0,212,1,999,0,-2.9,92.20100000000001,-31.4,0.8290000000000001,5076.2,1,0,1,0,1,0,0,0,0,0,0,0,0,0,0,0,1,0,1,0
53,6,1,0,384,1,999,0,-3.4,92.37899999999999,-29.8,0.8029999999999999,5017.5,0,0,1,0,0,0,0,0,0,0,0,0,0,1,0,0,1,0,0,1
48,2,0,0,134,1,999,0,-0.1,93.2,-42.0,4.12,5195.8,0,0,1,0,0,0,0,0,0,0,0,1,0,0,0,1,0,0,1,0
32,7,0,0,47,8,999,0,1.1,93.994,-36.4,4.864,5191.0,0,0,1,0,1,0,0,0,0,0,0,0,0,0,0,0,0,1,0,1
32,7,1,0,159,1,999,0,1.4,93.444,-36.1,4.9639999999999995,5228.1,0,0,1,0,1,0,0,0,0,0,0,0,0,0,0,0,0,1,1,0
39,7,1,0,36,6,999,0,-1.8,92.89299999999999,-46.2,1.354,5099.1,0,0,1,0,1,0,0,0,0,0,0,0,0,0,0,0,1,0,0,1
36,7,0,1,458,1,4,4,-1.7,94.055,-39.8,0.72,4991.6,1,0,0,1,0,0,0,0,0,0,1,0,0,0,0,0,0,1,1,0
24,6,1,0,171,5,999,0,1.4,93.91799999999999,-42.7,4.962,5228.1,0,0,1,0,0,0,0,0,0,0,0,0,0,1,0,0,0,1,1,0
43,2,0,1,228,1,999,0,1.1,93.994,-36.4,4.8580000000000005,5191.0,0,0,1,0,0,0,0,1,0,0,0,0,0,0,0,0,1,0,0,1
32,5,1,0,689,1,999,0,-1.8,92.89299999999999,-46.2,1.2990000000000002,5099.1,1,0,1,0,1,0,0,0,0,0,0,0,0,0,0,0,1,0,1,0
36,5,1,0,140,1,999,0,1.4,93.91799999999999,-42.7,4.963,5228.1,0,0,1,0,1,0,0,0,0,0,0,0,0,0,0,0,0,1,0,1
32,5,0,0,1090,1,999,0,-1.8,93.075,-47.1,1.479,5099.1,0,0,1,0,0,0,0,0,0,0,0,1,0,0,0,0,1,0,1,0
47,4,0,0,72,1,999,0,1.4,94.465,-41.8,4.967,5228.1,0,0,1,0,0,0,0,0,0,0,0,0,0,1,0,0,1,0,0,1
33,6,1,0,122,4,999,0,1.4,93.444,-36.1,4.963,5228.1,0,0,1,0,0,0,0,0,0,0,0,0,0,1,0,0,0,1,1,0
31,6,0,0,157,5,999,0,1.1,93.994,-36.4,4.857,5191.0,0,0,1,0,0,0,0,0,0,0,0,0,0,1,0,0,1,0,0,1
25,6,1,0,234,1,999,0,1.4,93.91799999999999,-42.7,4.963,5228.1,0,0,1,0,0,0,0,0,0,0,0,0,0,1,0,0,0,1,1,0
53,5,1,1,75,3,999,0,-1.8,93.075,-47.1,1.3719999999999999,5099.1,0,0,1,0,1,0,0,0,0,0,0,0,0,0,0,0,0,1,0,1
36,5,1,0,101,1,999,0,1.4,93.444,-36.1,4.963,5228.1,0,0,1,0,0,0,0,0,0,0,1,0,0,0,0,0,1,0,1,0
32,7,0,0,857,1,999,0,1.1,93.994,-36.4,4.8580000000000005,5191.0,1,0,1,0,0,0,0,0,0,0,0,0,0,1,0,0,0,1,0,1
38,4,0,0,333,1,999,0,1.4,94.465,-41.8,4.958,5228.1,0,0,1,0,0,1,0,0,0,0,0,0,0,0,0,0,1,0,0,1
43,6,0,0,764,3,999,0,1.1,93.994,-36.4,4.856,5191.0,0,0,1,0,0,0,0,0,1,0,0,0,0,0,0,0,1,0,0,1
41,6,1,0,54,1,999,0,1.4,93.444,-36.1,4.968,5228.1,0,0,1,0,0,0,0,0,0,0,0,0,0,1,0,0,0,1,1,0
35,4,1,0,231,2,999,0,-0.1,93.2,-42.0,4.1530000000000005,5195.8,0,0,1,0,0,1,0,0,0,0,0,0,0,0,0,0,1,0,1,0
38,7,1,0,295,2,999,0,1.4,93.444,-36.1,4.968,5228.1,0,0,1,0,0,0,0,1,0,0,0,0,0,0,0,0,1,0,1,0
51,7,1,0,99,3,999,0,-1.8,92.89299999999999,-46.2,1.3130000000000002,5099.1,0,0,1,0,0,1,0,0,0,0,0,0,0,0,0,0,1,0,1,0
28,5,1,1,604,6,999,0,1.4,94.465,-41.8,4.962,5228.1,0,0,1,0,0,0,0,0,0,0,0,0,1,0,0,0,0,1,0,1
35,7,0,0,81,1,999,0,-0.1,93.2,-42.0,4.191,5195.8,0,0,1,0,0,0,0,0,0,0,1,0,0,0,0,0,1,0,0,1
39,5,1,1,149,1,999,0,1.4,94.465,-41.8,4.961,5228.1,0,0,1,0,0,0,0,0,0,0,0,1,0,0,0,0,1,0,0,1
47,2,1,1,475,2,999,0,-0.1,93.2,-42.0,4.12,5195.8,0,0,1,0,0,0,0,1,0,0,0,0,0,0,0,1,0,0,0,1
47,2,0,0,67,6,999,0,1.4,93.91799999999999,-42.7,4.963,5228.1,0,0,1,0,0,0,0,0,0,0,0,1,0,0,0,1,0,0,1,0
38,6,1,0,321,1,999,0,1.1,93.994,-36.4,4.857,5191.0,0,0,1,0,0,1,0,0,0,0,0,0,0,0,0,0,1,0,0,1
56,7,0,0,129,3,999,0,1.4,94.465,-41.8,4.959,5228.1,0,0,1,0,0,0,0,0,0,0,1,0,0,0,0,0,1,0,0,1
37,5,0,0,394,3,999,0,1.4,94.465,-41.8,4.96,5228.1,0,0,1,0,0,0,0,0,0,0,0,0,0,1,0,0,0,1,0,1
38,5,1,1,21,1,999,0,-1.7,94.055,-39.8,0.7290000000000001,4991.6,0,0,1,0,0,1,0,0,0,0,0,0,0,0,0,0,0,1,0,1
34,7,0,0,207,1,999,1,-1.8,92.89299999999999,-46.2,1.334,5099.1,0,1,0,0,1,0,0,0,0,0,0,0,0,0,0,1,0,0,1,0
30,7,0,0,199,1,999,0,-1.8,92.89299999999999,-46.2,1.327,5099.1,0,0,1,0,1,0,0,0,0,0,0,0,0,0,0,0,0,1,1,0
53,5,1,0,8,3,999,0,-1.8,92.89299999999999,-46.2,1.354,5099.1,0,0,1,0,0,0,0,0,1,0,0,0,0,0,0,0,1,0,1,0
31,6,1,0,409,2,999,0,1.4,93.444,-36.1,4.965,5228.1,0,0,1,0,0,0,0,0,0,0,0,0,0,1,0,0,1,0,1,0
36,7,1,0,161,2,999,0,-0.1,93.2,-42.0,4.12,5195.8,0,0,1,0,0,0,0,0,1,0,0,0,0,0,0,0,1,0,1,0
37,2,0,0,56,4,999,0,1.4,93.91799999999999,-42.7,4.961,5228.1,0,0,1,0,0,0,0,1,0,0,0,0,0,0,0,0,1,0,1,0
29,7,0,1,347,3,5,1,-1.7,94.055,-39.8,0.7020000000000001,4991.6,1,0,0,1,1,0,0,0,0,0,0,0,0,0,0,0,1,0,1,0
60,4,1,0,259,1,999,0,1.4,93.444,-36.1,4.962,5228.1,0,0,1,0,1,0,0,0,0,0,0,0,0,0,0,0,1,0,1,0
28,7,1,0,326,1,999,0,-1.8,92.89299999999999,-46.2,1.266,5099.1,1,0,1,0,0,0,0,0,0,0,0,0,0,1,0,0,0,1,1,0
29,6,1,1,202,1,999,0,1.4,93.444,-36.1,4.9639999999999995,5228.1,0,0,1,0,0,0,0,0,0,0,0,0,0,1,0,0,0,1,1,0
50,7,1,0,383,1,999,0,1.1,93.994,-36.4,4.857,5191.0,0,0,1,0,0,0,0,0,1,0,0,0,0,0,0,0,1,0,0,1
48,3,0,0,119,1,999,0,-1.8,92.89299999999999,-46.2,1.334,5099.1,0,0,1,0,0,0,1,0,0,0,0,0,0,0,0,0,1,0,1,0
56,5,0,0,185,2,999,0,1.1,93.994,-36.4,4.855,5191.0,0,0,1,0,0,0,0,0,0,0,0,1,0,0,0,1,0,0,0,1
35,5,0,0,66,4,999,0,1.1,93.994,-36.4,4.857,5191.0,0,0,1,0,1,0,0,0,0,0,0,0,0,0,0,0,1,0,0,1
29,7,0,0,71,2,999,0,-1.8,93.075,-47.1,1.41,5099.1,0,0,1,0,1,0,0,0,0,0,0,0,0,0,0,0,0,1,1,0
35,7,0,1,188,6,999,0,1.1,93.994,-36.4,4.86,5191.0,0,0,1,0,0,0,0,0,0,0,1,0,0,0,0,0,1,0,0,1
28,5,1,0,203,1,999,0,1.4,93.91799999999999,-42.7,4.956,5228.1,0,0,1,0,0,0,0,0,0,0,0,0,0,0,1,0,0,1,0,1
51,5,0,0,198,2,999,0,-0.1,93.2,-42.0,4.191,5195.8,0,0,1,0,0,0,0,0,0,0,0,0,0,1,0,0,1,0,1,0
37,6,1,0,93,4,999,0,-1.8,93.075,-47.1,1.405,5099.1,0,0,1,0,0,1,0,0,0,0,0,0,0,0,0,0,1,0,1,0
36,3,0,0,238,1,999,0,-1.1,94.76700000000001,-50.8,1.046,4963.6,1,0,1,0,0,1,0,0,0,0,0,0,0,0,0,0,0,1,1,0
51,6,0,0,295,1,999,1,-1.8,92.89299999999999,-46.2,1.2990000000000002,5099.1,0,1,0,0,0,0,1,0,0,0,0,0,0,0,0,0,1,0,1,0
36,5,0,0,46,3,999,0,1.4,93.444,-36.1,4.965,5228.1,0,0,1,0,0,0,0,0,0,0,0,0,0,1,0,0,1,0,1,0
49,4,0,1,290,1,999,0,-1.8,92.89299999999999,-46.2,1.2990000000000002,5099.1,0,0,1,0,0,1,0,0,0,0,0,0,0,0,0,0,1,0,1,0
27,7,1,0,429,2,999,0,-2.9,92.20100000000001,-31.4,0.879,5076.2,1,0,1,0,1,0,0,0,0,0,0,0,0,0,0,0,0,1,1,0
45,6,1,0,121,4,999,0,1.1,93.994,-36.4,4.857,5191.0,0,0,1,0,0,0,0,0,0,0,0,0,0,1,0,0,0,1,0,1
29,7,0,0,116,1,999,0,1.1,93.994,-36.4,4.86,5191.0,0,0,1,0,0,0,0,0,0,0,1,0,0,0,0,0,1,0,0,1
35,7,0,1,67,5,999,0,1.4,93.444,-36.1,4.965,5228.1,0,0,1,0,0,0,0,0,1,0,0,0,0,0,0,0,1,0,0,1
59,7,1,0,61,1,999,1,-1.8,92.89299999999999,-46.2,1.266,5099.1,0,1,0,0,0,0,0,0,0,0,1,0,0,0,0,0,1,0,1,0
28,2,1,0,160,2,4,1,-3.4,92.431,-26.9,0.752,5017.5,0,0,0,1,0,0,0,0,0,0,0,0,0,0,1,0,0,1,1,0
32,6,1,0,322,2,999,0,1.1,93.994,-36.4,4.864,5191.0,0,0,1,0,0,0,0,0,0,0,0,0,0,1,0,0,1,0,0,1
28,4,1,0,4,4,999,0,1.1,93.994,-36.4,4.857,5191.0,0,0,1,0,0,0,0,0,0,0,1,0,0,0,0,0,0,1,0,1
46,7,1,0,796,5,999,1,-0.1,93.2,-42.0,4.021,5195.8,1,1,0,0,0,0,0,0,0,0,0,0,0,1,0,1,0,0,1,0
25,2,0,0,107,19,999,0,1.4,94.465,-41.8,4.959,5228.1,0,0,1,0,0,1,0,0,0,0,0,0,0,0,0,0,0,1,0,1
51,6,0,0,113,2,999,0,-1.8,92.89299999999999,-46.2,1.327,5099.1,0,0,1,0,0,0,0,0,0,0,0,1,0,0,0,0,1,0,1,0
26,7,0,0,78,1,999,0,-1.8,92.89299999999999,-46.2,1.27,5099.1,0,0,1,0,0,0,0,0,0,0,1,0,0,0,0,0,0,1,1,0
32,5,1,0,55,1,999,0,1.4,93.444,-36.1,4.965,5228.1,0,0,1,0,0,0,0,0,0,0,0,0,0,1,0,0,1,0,1,0
37,6,1,0,286,2,999,0,1.4,93.444,-36.1,4.9639999999999995,5228.1,0,0,1,0,0,0,0,0,0,0,0,0,0,1,0,0,0,1,1,0
38,6,0,0,182,3,999,0,1.4,93.91799999999999,-42.7,4.96,5228.1,0,0,1,0,1,0,0,0,0,0,0,0,0,0,0,0,1,0,1,0
30,7,1,0,873,8,999,0,1.4,93.91799999999999,-42.7,4.962,5228.1,1,0,1,0,1,0,0,0,0,0,0,0,0,0,0,0,0,1,1,0
34,7,1,0,244,1,999,0,1.4,93.444,-36.1,4.9639999999999995,5228.1,0,0,1,0,0,0,0,0,0,0,0,0,0,1,0,0,0,1,1,0
32,6,1,1,310,1,999,0,-1.7,94.055,-39.8,0.7040000000000001,4991.6,1,0,1,0,0,0,0,0,0,0,0,0,0,0,1,0,0,1,1,0
39,7,1,0,169,4,999,0,1.4,93.444,-36.1,4.9639999999999995,5228.1,0,0,1,0,1,0,0,0,0,0,0,0,0,0,0,0,1,0,1,0
47,5,1,0,140,2,999,0,1.4,93.444,-36.1,4.97,5228.1,0,0,1,0,0,0,0,0,0,0,0,1,0,0,0,0,1,0,1,0
51,7,1,0,139,5,999,0,-2.9,92.469,-33.6,0.9209999999999999,5076.2,1,0,1,0,1,0,0,0,0,0,0,0,0,0,0,0,1,0,1,0
36,4,0,0,360,2,999,0,1.1,93.994,-36.4,4.859,5191.0,0,0,1,0,0,1,0,0,0,0,0,0,0,0,0,0,1,0,0,1
30,7,1,1,229,4,999,0,1.4,93.91799999999999,-42.7,4.963,5228.1,0,0,1,0,0,0,0,0,1,0,0,0,0,0,0,0,1,0,1,0
29,3,0,0,342,1,999,1,-1.8,92.89299999999999,-46.2,1.291,5099.1,0,1,0,0,0,1,0,0,0,0,0,0,0,0,0,0,1,0,1,0
37,7,1,0,481,2,999,4,-1.7,94.027,-38.3,0.899,4991.6,1,1,0,0,0,0,0,0,0,0,0,0,0,1,0,0,0,1,1,0
53,2,0,1,36,1,999,0,1.4,93.91799999999999,-42.7,4.968,5228.1,0,0,1,0,0,1,0,0,0,0,0,0,0,0,0,0,1,0,1,0
42,6,0,0,295,1,6,2,-1.7,94.027,-38.3,0.899,4991.6,1,0,0,1,0,0,0,0,0,0,0,0,0,1,0,0,1,0,1,0
35,2,1,0,57,1,999,0,-0.1,93.2,-42.0,4.191,5195.8,0,0,1,0,0,0,0,0,0,0,0,0,0,0,1,0,1,0,1,0
49,4,0,0,199,4,999,0,1.1,93.994,-36.4,4.856,5191.0,0,0,1,0,0,1,0,0,0,0,0,0,0,0,0,0,1,0,0,1
42,7,0,0,176,1,999,0,-0.1,93.2,-42.0,4.191,5195.8,0,0,1,0,0,0,0,1,0,0,0,0,0,0,0,0,1,0,1,0
27,5,1,0,43,2,999,0,1.1,93.994,-36.4,4.855,5191.0,0,0,1,0,0,0,0,0,0,0,0,0,0,1,0,0,0,1,0,1
27,5,1,0,88,1,999,1,-1.8,92.89299999999999,-46.2,1.266,5099.1,0,1,0,0,0,0,0,0,0,0,0,1,0,0,0,0,0,1,1,0
40,5,1,1,141,9,999,0,1.1,93.994,-36.4,4.864,5191.0,0,0,1,0,0,0,0,0,0,0,0,1,0,0,0,0,1,0,0,1
37,5,1,0,475,3,999,0,-1.8,92.89299999999999,-46.2,1.3130000000000002,5099.1,0,0,1,0,0,1,0,0,0,0,0,0,0,0,0,0,1,0,1,0
33,6,1,0,170,2,999,0,1.4,93.444,-36.1,4.97,5228.1,0,0,1,0,0,0,0,0,0,0,0,0,0,1,0,1,0,0,1,0
47,5,1,0,145,1,999,0,1.4,93.444,-36.1,4.968,5228.1,0,0,1,0,1,0,0,0,0,0,0,0,0,0,0,0,1,0,1,0
45,3,0,0,333,1,999,0,1.4,94.465,-41.8,4.8660000000000005,5228.1,0,0,1,0,0,1,0,0,0,0,0,0,0,0,0,0,1,0,0,1
43,7,1,0,135,1,999,0,1.4,93.91799999999999,-42.7,4.961,5228.1,0,0,1,0,0,0,0,0,0,0,0,1,0,0,0,0,1,0,1,0
47,2,1,1,168,1,999,0,1.4,94.465,-41.8,4.961,5228.1,0,0,1,0,0,1,0,0,0,0,0,0,0,0,0,0,1,0,0,1
38,7,1,1,62,1,999,0,1.4,93.444,-36.1,4.963,5228.1,0,0,1,0,1,0,0,0,0,0,0,0,0,0,0,0,1,0,1,0
31,6,1,0,458,2,999,0,1.4,93.91799999999999,-42.7,4.963,5228.1,1,0,1,0,0,1,0,0,0,0,0,0,0,0,0,0,1,0,1,0
30,7,1,0,496,1,999,0,-1.8,93.075,-47.1,1.423,5099.1,1,0,1,0,1,0,0,0,0,0,0,0,0,0,0,0,1,0,1,0
35,7,1,0,330,1,10,1,-1.8,93.749,-34.6,0.644,5008.7,1,0,0,1,1,0,0,0,0,0,0,0,0,0,0,0,1,0,1,0
33,6,0,0,220,4,999,0,1.4,94.465,-41.8,4.961,5228.1,0,0,1,0,0,0,0,0,0,0,0,0,0,1,0,0,1,0,0,1
52,5,0,0,87,5,999,0,1.4,93.91799999999999,-42.7,4.962,5228.1,0,0,1,0,1,0,0,0,0,0,0,0,0,0,0,1,0,0,1,0
34,2,0,0,223,1,999,1,-0.1,93.2,-42.0,4.0760000000000005,5195.8,0,1,0,0,0,1,0,0,0,0,0,0,0,0,0,0,1,0,1,0
27,5,0,0,54,5,999,0,-1.8,92.89299999999999,-46.2,1.25,5099.1,0,0,1,0,0,0,0,0,0,0,0,1,0,0,0,0,0,1,1,0
46,7,0,0,185,2,999,0,1.4,93.444,-36.1,4.968,5228.1,0,0,1,0,0,0,0,0,0,0,0,0,0,1,0,0,0,1,1,0
54,4,0,1,249,6,999,0,1.4,94.465,-41.8,4.967,5228.1,0,0,1,0,0,0,1,0,0,0,0,0,0,0,0,0,1,0,0,1
29,5,1,1,431,2,999,2,-2.9,92.963,-40.8,1.26,5076.2,1,1,0,0,0,0,0,0,0,0,0,1,0,0,0,0,0,1,1,0
43,2,1,0,173,1,999,0,1.4,94.465,-41.8,4.962,5228.1,0,0,1,0,0,1,0,0,0,0,0,0,0,0,0,0,1,0,0,1
54,7,1,0,173,1,999,0,-1.8,92.89299999999999,-46.2,1.25,5099.1,0,0,1,0,0,0,0,0,1,0,0,0,0,0,0,0,1,0,1,0
28,2,0,0,186,1,999,0,1.4,93.91799999999999,-42.7,4.963,5228.1,0,0,1,0,0,1,0,0,0,0,0,0,0,0,0,0,0,1,1,0
48,7,1,1,179,2,999,0,1.4,93.91799999999999,-42.7,4.96,5228.1,0,0,1,0,1,0,0,0,0,0,0,0,0,0,0,0,1,0,1,0
46,7,1,0,247,2,999,1,-1.8,92.89299999999999,-46.2,1.327,5099.1,0,1,0,0,0,0,0,0,1,0,0,0,0,0,0,0,1,0,1,0
48,7,1,1,747,2,999,0,-3.4,92.649,-30.1,0.715,5017.5,1,0,1,0,0,0,0,0,1,0,0,0,0,0,0,0,1,0,1,0
40,7,0,0,136,2,999,0,1.4,94.465,-41.8,4.961,5228.1,0,0,1,0,1,0,0,0,0,0,0,0,0,0,0,0,0,1,0,1
44,5,1,1,177,1,999,0,1.1,93.994,-36.4,4.857,5191.0,0,0,1,0,1,0,0,0,0,0,0,0,0,0,0,0,1,0,0,1
36,5,1,0,133,1,999,0,1.4,94.465,-41.8,4.959,5228.1,0,0,1,0,0,1,0,0,0,0,0,0,0,0,0,1,0,0,0,1
31,7,1,0,156,2,999,0,-1.8,92.89299999999999,-46.2,1.3130000000000002,5099.1,0,0,1,0,0,0,0,0,1,0,0,0,0,0,0,1,0,0,1,0
38,3,1,0,382,3,999,0,1.4,94.465,-41.8,4.864,5228.1,0,0,1,0,0,1,0,0,0,0,0,0,0,0,0,0,1,0,0,1
47,6,1,0,108,2,999,0,1.4,93.91799999999999,-42.7,4.962,5228.1,0,0,1,0,0,0,0,0,0,0,0,0,0,1,0,0,0,1,1,0
35,7,1,0,252,5,999,0,1.4,93.444,-36.1,4.967,5228.1,0,0,1,0,1,0,0,0,0,0,0,0,0,0,0,0,1,0,1,0
41,7,1,0,1138,1,999,0,1.1,93.994,-36.4,4.856,5191.0,1,0,1,0,0,0,1,0,0,0,0,0,0,0,0,0,1,0,0,1
32,5,0,0,195,3,999,1,-1.8,92.89299999999999,-46.2,1.281,5099.1,0,1,0,0,0,0,0,0,0,0,0,0,0,1,0,0,1,0,1,0
33,2,0,0,313,1,999,0,-1.8,92.89299999999999,-46.2,1.291,5099.1,0,0,1,0,0,1,0,0,0,0,0,0,0,0,0,0,0,1,1,0
39,6,0,0,273,2,999,0,1.1,93.994,-36.4,4.856,5191.0,0,0,1,0,0,0,0,0,0,0,0,0,0,1,0,0,1,0,0,1
29,7,1,0,75,1,4,2,-2.9,92.20100000000001,-31.4,0.873,5076.2,0,0,0,1,0,0,0,0,1,0,0,0,0,0,0,0,1,0,1,0
51,2,0,0,104,2,999,0,1.4,93.91799999999999,-42.7,4.96,5228.1,0,0,1,0,0,0,0,0,1,0,0,0,0,0,0,0,1,0,1,0
57,5,0,0,473,1,3,5,-1.1,94.199,-37.5,0.877,4963.6,1,0,0,1,1,0,0,0,0,0,0,0,0,0,0,1,0,0,1,0
39,2,1,1,157,5,999,0,1.4,93.91799999999999,-42.7,4.961,5228.1,0,0,1,0,0,1,0,0,0,0,0,0,0,0,0,0,1,0,1,0
28,5,1,0,69,6,999,0,1.4,93.91799999999999,-42.7,4.968,5228.1,0,0,1,0,0,0,0,0,0,0,0,1,0,0,0,0,1,0,1,0
33,6,0,1,46,1,999,0,1.4,94.465,-41.8,4.864,5228.1,0,0,1,0,0,0,0,0,0,0,0,0,0,1,0,0,1,0,0,1
52,2,0,0,633,1,999,0,1.4,94.465,-41.8,4.864,5228.1,1,0,1,0,0,0,0,0,0,1,0,0,0,0,0,0,1,0,0,1
42,7,0,0,799,6,999,0,1.4,93.91799999999999,-42.7,4.962,5228.1,0,0,1,0,1,0,0,0,0,0,0,0,0,0,0,0,1,0,1,0
42,3,1,1,11,8,999,0,-1.8,92.89299999999999,-46.2,1.281,5099.1,0,0,1,0,0,0,0,0,0,0,0,1,0,0,0,0,0,1,1,0
41,3,1,1,343,1,999,0,1.1,93.994,-36.4,4.8580000000000005,5191.0,0,0,1,0,0,1,0,0,0,0,0,0,0,0,0,1,0,0,0,1
32,4,0,0,271,5,999,0,1.4,93.91799999999999,-42.7,4.963,5228.1,0,0,1,0,0,0,0,0,0,0,0,0,0,1,0,0,1,0,1,0
59,7,0,0,146,1,999,0,1.1,93.994,-36.4,4.86,5191.0,0,0,1,0,0,0,1,0,0,0,0,0,0,0,0,0,1,0,0,1
53,7,1,0,119,4,999,0,1.4,94.465,-41.8,4.864,5228.1,0,0,1,0,0,0,0,0,0,0,1,0,0,0,0,0,1,0,0,1
39,7,1,0,387,1,6,2,-3.0,92.713,-33.0,0.706,5023.5,1,0,0,1,0,0,0,0,0,0,0,0,0,0,1,0,0,1,1,0
36,7,0,0,154,1,999,0,-0.1,93.2,-42.0,4.12,5195.8,0,0,1,0,1,0,0,0,0,0,0,0,0,0,0,0,0,1,1,0
32,7,1,0,8,7,999,0,-1.8,92.89299999999999,-46.2,1.244,5099.1,0,0,1,0,1,0,0,0,0,0,0,0,0,0,0,0,0,1,1,0
38,7,0,0,76,17,999,0,1.4,93.91799999999999,-42.7,4.963,5228.1,0,0,1,0,0,0,0,0,1,0,0,0,0,0,0,0,0,1,1,0
56,6,1,0,161,4,999,0,1.4,93.91799999999999,-42.7,4.962,5228.1,0,0,1,0,0,0,0,0,0,1,0,0,0,0,0,0,0,1,1,0
23,7,0,1,343,5,999,0,-1.8,93.075,-47.1,1.405,5099.1,0,0,1,0,1,0,0,0,0,0,0,0,0,0,0,0,0,1,1,0
31,2,1,0,111,2,999,0,-0.1,93.2,-42.0,4.0760000000000005,5195.8,0,0,1,0,0,1,0,0,0,0,0,0,0,0,0,0,0,1,1,0
37,7,0,0,62,3,999,0,1.1,93.994,-36.4,4.864,5191.0,0,0,1,0,0,0,0,0,0,0,0,0,0,1,0,0,0,1,0,1
59,5,1,0,247,2,999,1,-1.8,93.749,-34.6,0.644,5008.7,0,1,0,0,0,0,0,0,0,1,0,0,0,0,0,1,0,0,1,0
40,5,1,1,52,10,999,0,1.4,93.91799999999999,-42.7,4.962,5228.1,0,0,1,0,1,0,0,0,0,0,0,0,0,0,0,1,0,0,1,0
32,4,1,0,77,2,999,0,1.4,93.91799999999999,-42.7,4.958,5228.1,0,0,1,0,1,0,0,0,0,0,0,0,0,0,0,0,0,1,1,0
48,4,1,0,725,1,999,0,-1.8,92.89299999999999,-46.2,1.291,5099.1,1,0,1,0,0,0,0,0,1,0,0,0,0,0,0,0,1,0,1,0
35,7,0,0,90,2,999,0,1.4,93.444,-36.1,4.965,5228.1,0,0,1,0,1,0,0,0,0,0,0,0,0,0,0,0,0,1,1,0
54,2,1,0,840,3,999,0,-1.8,93.075,-47.1,1.405,5099.1,1,0,1,0,0,0,0,0,0,1,0,0,0,0,0,0,1,0,1,0
47,5,1,0,183,3,999,1,-0.1,93.2,-42.0,4.021,5195.8,0,1,0,0,0,0,0,0,0,0,0,0,0,1,0,0,1,0,1,0
32,6,1,0,185,2,999,0,1.4,93.444,-36.1,4.965,5228.1,0,0,1,0,0,0,0,0,0,0,0,0,0,1,0,0,1,0,1,0
39,6,1,0,145,2,999,0,1.4,93.444,-36.1,4.9639999999999995,5228.1,0,0,1,0,0,0,0,0,0,0,0,0,0,1,0,0,1,0,1,0
33,7,1,0,24,10,999,0,1.4,93.444,-36.1,4.963,5228.1,0,0,1,0,1,0,0,0,0,0,0,0,0,0,0,0,1,0,1,0
36,5,1,0,305,7,999,0,-2.9,92.469,-33.6,0.937,5076.2,0,0,1,0,1,0,0,0,0,0,0,0,0,0,0,0,1,0,0,1
36,6,0,1,247,2,999,0,1.4,94.465,-41.8,4.958,5228.1,0,0,1,0,0,0,0,0,0,0,0,0,0,1,0,0,1,0,0,1
41,7,0,0,186,2,999,0,1.4,93.91799999999999,-42.7,4.962,5228.1,0,0,1,0,0,0,0,0,0,0,0,0,0,1,0,0,0,1,1,0
29,5,1,0,289,2,999,0,1.4,93.91799999999999,-42.7,4.963,5228.1,0,0,1,0,0,0,0,0,0,0,0,1,0,0,0,0,0,1,1,0
53,2,0,0,64,1,999,0,1.4,93.91799999999999,-42.7,4.961,5228.1,0,0,1,0,0,1,0,0,0,0,0,0,0,0,0,1,0,0,1,0
76,6,1,0,352,1,3,1,-1.7,94.055,-39.8,0.7609999999999999,4991.6,1,0,0,1,0,0,0,0,0,1,0,0,0,0,0,0,1,0,1,0
32,7,1,0,75,2,999,0,-1.8,92.84299999999999,-50.0,1.703,5099.1,0,0,1,0,0,0,0,0,1,0,0,0,0,0,0,0,0,1,1,0
30,5,1,0,115,3,999,0,-1.8,92.89299999999999,-46.2,1.266,5099.1,0,0,1,0,0,0,0,0,0,0,0,0,0,1,0,0,1,0,1,0
36,6,1,1,110,4,999,0,1.4,93.91799999999999,-42.7,4.961,5228.1,0,0,1,0,0,0,0,0,0,0,1,0,0,0,0,1,0,0,1,0
40,5,0,0,377,3,999,1,-1.8,93.075,-47.1,1.466,5099.1,0,1,0,0,0,0,0,0,0,0,0,1,0,0,0,0,1,0,1,0
34,5,1,1,20,1,999,0,1.1,93.994,-36.4,4.855,5191.0,0,0,1,0,1,0,0,0,0,0,0,0,0,0,0,0,1,0,0,1
24,4,1,0,112,4,999,0,1.1,93.994,-36.4,4.857,5191.0,0,0,1,0,0,1,0,0,0,0,0,0,0,0,0,0,0,1,0,1
46,6,0,0,231,3,999,0,1.4,93.91799999999999,-42.7,4.961,5228.1,0,0,1,0,0,0,0,0,0,0,0,0,0,1,0,1,0,0,1,0
28,6,0,1,253,1,999,0,1.4,94.465,-41.8,4.955,5228.1,0,0,1,0,1,0,0,0,0,0,0,0,0,0,0,0,0,1,0,1
26,2,0,0,232,1,999,0,-1.8,92.89299999999999,-46.2,1.291,5099.1,0,0,1,0,0,1,0,0,0,0,0,0,0,0,0,0,1,0,1,0
38,7,0,0,461,2,999,0,1.1,93.994,-36.4,4.859,5191.0,0,0,1,0,0,0,0,0,1,0,0,0,0,0,0,0,1,0,0,1
31,7,0,0,369,1,999,0,-0.1,93.2,-42.0,4.191,5195.8,0,0,1,0,0,0,0,0,1,0,0,0,0,0,0,0,1,0,1,0
56,4,0,0,99,6,999,0,1.4,94.465,-41.8,4.864,5228.1,0,0,1,0,0,1,0,0,0,0,0,0,0,0,0,0,1,0,0,1
52,4,1,0,90,4,999,0,1.1,93.994,-36.4,4.857,5191.0,0,0,1,0,0,0,0,0,0,0,1,0,0,0,0,0,1,0,0,1
46,7,1,0,105,11,999,0,1.1,93.994,-36.4,4.8580000000000005,5191.0,0,0,1,0,0,0,1,0,0,0,0,0,0,0,0,0,1,0,0,1
33,7,0,1,113,1,999,1,-0.1,93.2,-42.0,4.12,5195.8,0,1,0,0,0,0,0,0,1,0,0,0,0,0,0,0,1,0,1,0
42,7,1,0,375,1,999,0,-0.1,93.2,-42.0,4.191,5195.8,0,0,1,0,1,0,0,0,0,0,0,0,0,0,0,0,1,0,1,0
57,6,0,1,1720,4,999,0,1.4,93.91799999999999,-42.7,4.962,5228.1,0,0,1,0,0,0,0,0,0,1,0,0,0,0,0,0,1,0,1,0
45,4,1,0,173,1,999,0,1.1,93.994,-36.4,4.857,5191.0,0,0,1,0,1,0,0,0,0,0,0,0,0,0,0,0,1,0,0,1
52,5,1,1,81,2,999,1,-1.8,92.89299999999999,-46.2,1.3130000000000002,5099.1,0,1,0,0,1,0,0,0,0,0,0,0,0,0,0,0,1,0,1,0
36,5,1,1,629,7,999,0,1.4,93.444,-36.1,4.963,5228.1,0,0,1,0,0,0,0,0,0,0,0,0,0,1,0,0,0,1,1,0
37,4,1,0,78,1,999,0,1.4,93.444,-36.1,4.9639999999999995,5228.1,0,0,1,0,0,0,0,0,0,0,1,0,0,0,0,0,1,0,1,0
38,5,0,0,776,1,999,0,1.1,93.994,-36.4,4.857,5191.0,0,0,1,0,0,0,0,0,1,0,0,0,0,0,0,0,1,0,0,1
41,7,0,0,79,8,999,0,1.1,93.994,-36.4,4.856,5191.0,0,0,1,0,0,0,0,0,0,0,0,0,0,1,0,0,0,1,0,1
31,4,0,0,301,1,999,0,1.1,93.994,-36.4,4.857,5191.0,0,0,1,0,0,1,0,0,0,0,0,0,0,0,0,0,1,0,0,1
32,7,1,0,322,1,999,0,1.4,93.444,-36.1,4.9639999999999995,5228.1,0,0,1,0,0,0,0,0,0,0,0,0,0,1,0,0,0,1,1,0
43,4,0,0,110,17,999,0,1.4,94.465,-41.8,4.8660000000000005,5228.1,0,0,1,0,0,0,0,0,0,0,0,1,0,0,0,0,1,0,0,1
39,2,1,0,85,1,999,0,1.1,93.994,-36.4,4.8580000000000005,5191.0,0,0,1,0,0,1,0,0,0,0,0,0,0,0,0,0,1,0,0,1
43,2,1,0,345,3,999,0,1.1,93.994,-36.4,4.857,5191.0,0,0,1,0,0,1,0,0,0,0,0,0,0,0,0,0,1,0,0,1
41,7,1,1,75,1,999,0,1.4,94.465,-41.8,4.961,5228.1,0,0,1,0,1,0,0,0,0,0,0,0,0,0,0,0,1,0,0,1
34,7,1,1,125,2,999,0,-0.1,93.2,-42.0,4.0760000000000005,5195.8,0,0,1,0,0,0,0,0,1,0,0,0,0,0,0,0,0,1,1,0
39,6,1,0,27,1,999,0,1.4,94.465,-41.8,4.8660000000000005,5228.1,0,0,1,0,0,1,0,0,0,0,0,0,0,0,0,0,1,0,0,1
30,6,0,0,125,1,999,0,1.4,93.91799999999999,-42.7,4.962,5228.1,0,0,1,0,0,0,0,0,0,0,0,0,0,1,0,0,0,1,1,0
47,5,1,0,1152,3,999,0,1.4,93.444,-36.1,4.965,5228.1,1,0,1,0,1,0,0,0,0,0,0,0,0,0,0,0,1,0,1,0
28,5,0,0,406,3,999,0,1.4,94.465,-41.8,4.961,5228.1,0,0,1,0,0,0,0,0,0,0,0,1,0,0,0,0,0,1,0,1
35,6,0,0,225,2,999,0,-1.8,93.075,-47.1,1.415,5099.1,0,0,1,0,0,0,0,0,0,0,0,0,0,1,0,0,1,0,1,0
41,3,0,1,178,3,999,1,-1.8,92.89299999999999,-46.2,1.291,5099.1,0,1,0,0,0,1,0,0,0,0,0,0,0,0,0,0,1,0,1,0
29,7,1,0,602,7,999,0,1.4,93.444,-36.1,4.9639999999999995,5228.1,0,0,1,0,1,0,0,0,0,0,0,0,0,0,0,0,0,1,1,0
25,5,0,0,553,1,999,0,-2.9,92.20100000000001,-31.4,0.8690000000000001,5076.2,0,0,1,0,0,0,0,0,0,0,0,1,0,0,0,0,0,1,1,0
37,5,0,0,126,1,999,0,1.4,93.444,-36.1,4.968,5228.1,0,0,1,0,0,0,0,1,0,0,0,0,0,0,0,0,1,0,1,0
59,7,1,0,47,2,999,0,1.4,94.465,-41.8,4.962,5228.1,0,0,1,0,1,0,0,0,0,0,0,0,0,0,0,0,1,0,0,1
30,5,0,0,629,2,999,0,1.1,93.994,-36.4,4.856,5191.0,0,0,1,0,0,0,0,0,0,0,0,1,0,0,0,0,1,0,0,1
39,3,0,0,1176,1,999,0,1.4,93.91799999999999,-42.7,4.963,5228.1,1,0,1,0,1,0,0,0,0,0,0,0,0,0,0,0,1,0,1,0
28,4,1,0,103,2,999,0,1.4,93.91799999999999,-42.7,4.957,5228.1,0,0,1,0,0,1,0,0,0,0,0,0,0,0,0,0,0,1,1,0
24,5,0,0,132,1,999,0,1.4,94.465,-41.8,4.864,5228.1,0,0,1,0,0,0,0,0,0,0,0,0,1,0,0,0,0,1,0,1
36,7,1,0,219,2,999,0,-1.8,92.89299999999999,-46.2,1.2990000000000002,5099.1,0,0,1,0,0,0,0,0,0,0,0,0,0,1,0,0,1,0,1,0
43,6,0,0,460,1,999,1,-1.8,93.876,-40.0,0.6990000000000001,5008.7,1,1,0,0,0,0,0,0,0,0,0,0,0,1,0,0,1,0,1,0
37,5,1,0,267,3,999,0,1.4,94.465,-41.8,4.864,5228.1,0,0,1,0,0,0,0,0,0,0,0,0,0,1,0,0,1,0,0,1
48,5,1,1,64,1,999,0,1.4,93.91799999999999,-42.7,4.958,5228.1,0,0,1,0,1,0,0,0,0,0,0,0,0,0,0,0,1,0,1,0
41,7,0,0,766,2,999,0,1.4,93.444,-36.1,4.968,5228.1,1,0,1,0,1,0,0,0,0,0,0,0,0,0,0,0,1,0,1,0
48,2,0,1,119,2,999,0,1.4,94.465,-41.8,4.96,5228.1,0,0,1,0,0,0,0,0,0,0,0,0,0,0,1,1,0,0,0,1
42,2,1,0,485,2,999,0,1.4,93.91799999999999,-42.7,4.958,5228.1,0,0,1,0,0,0,1,0,0,0,0,0,0,0,0,0,1,0,0,1
34,7,0,0,84,3,999,0,1.4,94.465,-41.8,4.96,5228.1,0,0,1,0,0,0,0,0,1,0,0,0,0,0,0,0,1,0,0,1
56,6,0,0,135,1,999,0,1.4,93.91799999999999,-42.7,4.963,5228.1,0,0,1,0,0,0,0,0,0,1,0,0,0,0,0,0,1,0,1,0
31,4,1,0,115,1,999,0,1.1,93.994,-36.4,4.856,5191.0,0,0,1,0,0,1,0,0,0,0,0,0,0,0,0,0,0,1,0,1
19,5,1,0,338,4,999,0,-1.8,92.89299999999999,-46.2,1.344,5099.1,0,0,1,0,0,0,0,0,0,0,0,0,1,0,0,0,0,1,1,0
44,5,0,0,903,4,999,0,-1.8,92.89299999999999,-46.2,1.244,5099.1,1,0,1,0,0,0,0,0,0,0,0,1,0,0,0,1,0,0,1,0
49,5,1,0,181,4,999,1,-1.8,92.89299999999999,-46.2,1.291,5099.1,0,1,0,0,1,0,0,0,0,0,0,0,0,0,0,1,0,0,1,0
29,7,1,0,33,2,999,0,-2.9,92.20100000000001,-31.4,0.8590000000000001,5076.2,0,0,1,0,0,0,0,0,0,0,0,0,0,0,1,0,0,1,1,0
24,5,0,0,557,1,999,0,-1.8,92.89299999999999,-46.2,1.244,5099.1,0,0,1,0,0,0,0,0,0,0,0,0,1,0,0,0,0,1,1,0
55,6,0,0,182,1,999,1,-0.1,93.2,-42.0,4.021,5195.8,0,1,0,0,0,0,0,0,0,0,0,0,0,1,0,0,1,0,1,0
39,3,1,0,476,1,999,0,-1.8,92.89299999999999,-46.2,1.327,5099.1,1,0,1,0,0,1,0,0,0,0,0,0,0,0,0,0,1,0,1,0
37,7,1,0,364,1,999,1,-3.4,92.431,-26.9,0.742,5017.5,1,1,0,0,0,0,0,0,0,0,0,0,0,1,0,0,1,0,1,0
39,5,1,0,0,4,999,0,1.1,93.994,-36.4,4.857,5191.0,0,0,1,0,1,0,0,0,0,0,0,0,0,0,0,0,1,0,0,1
38,5,1,0,121,5,999,0,1.4,93.91799999999999,-42.7,4.961,5228.1,0,0,1,0,0,0,0,0,0,0,1,0,0,0,0,0,1,0,0,1
55,7,1,0,188,2,999,0,1.4,93.91799999999999,-42.7,4.963,5228.1,0,0,1,0,0,0,0,0,0,1,0,0,0,0,0,0,1,0,1,0
40,2,0,0,355,1,999,0,-2.9,92.963,-40.8,1.252,5076.2,1,0,1,0,0,0,0,0,0,0,0,0,0,0,1,0,0,1,1,0
24,6,1,0,139,1,999,0,1.4,93.91799999999999,-42.7,4.962,5228.1,0,0,1,0,0,0,0,0,0,0,0,1,0,0,0,0,0,1,1,0
50,7,0,1,20,4,999,0,1.1,93.994,-36.4,4.857,5191.0,0,0,1,0,1,0,0,0,0,0,0,0,0,0,0,0,1,0,0,1
38,7,1,0,284,1,999,0,1.4,94.465,-41.8,4.864,5228.1,0,0,1,0,1,0,0,0,0,0,0,0,0,0,0,0,0,1,0,1
39,3,1,0,391,2,999,0,-0.1,93.2,-42.0,4.0760000000000005,5195.8,0,0,1,0,0,1,0,0,0,0,0,0,0,0,0,0,1,0,1,0
46,5,1,0,109,1,999,0,-2.9,92.20100000000001,-31.4,0.861,5076.2,0,0,1,0,0,0,1,0,0,0,0,0,0,0,0,0,1,0,1,0
35,4,1,0,42,2,999,0,-0.1,93.2,-42.0,4.191,5195.8,0,0,1,0,0,0,1,0,0,0,0,0,0,0,0,0,0,1,1,0
55,5,0,0,94,1,999,0,1.1,93.994,-36.4,4.855,5191.0,0,0,1,0,1,0,0,0,0,0,0,0,0,0,0,0,1,0,0,1
47,6,0,0,400,2,999,0,1.1,93.994,-36.4,4.857,5191.0,0,0,1,0,0,0,1,0,0,0,0,0,0,0,0,0,1,0,0,1
41,7,1,0,279,1,999,0,-1.8,93.075,-47.1,1.405,5099.1,0,0,1,0,1,0,0,0,0,0,0,0,0,0,0,0,0,1,1,0
40,2,1,0,448,2,999,0,1.4,93.91799999999999,-42.7,4.963,5228.1,0,0,1,0,0,0,1,0,0,0,0,0,0,0,0,0,1,0,1,0
44,5,1,0,533,1,999,0,-1.8,92.89299999999999,-46.2,1.266,5099.1,1,0,1,0,0,0,0,0,0,0,0,1,0,0,0,1,0,0,1,0
55,2,0,0,278,1,999,0,-1.8,92.89299999999999,-46.2,1.3130000000000002,5099.1,0,0,1,0,0,1,0,0,0,0,0,0,0,0,0,1,0,0,1,0
28,4,1,0,497,1,999,0,1.4,93.91799999999999,-42.7,4.96,5228.1,0,0,1,0,0,1,0,0,0,0,0,0,0,0,0,0,1,0,1,0
33,3,1,0,351,3,999,0,-1.8,93.075,-47.1,1.4980000000000002,5099.1,1,0,1,0,0,1,0,0,0,0,0,0,0,0,0,0,1,0,1,0
49,3,0,0,68,5,999,1,-1.8,93.075,-47.1,1.405,5099.1,0,1,0,0,0,0,0,0,0,0,0,0,0,0,1,0,1,0,1,0
38,5,1,0,26,3,999,0,1.1,93.994,-36.4,4.86,5191.0,0,0,1,0,1,0,0,0,0,0,0,0,0,0,0,0,1,0,0,1
26,5,1,0,338,1,7,1,-3.4,92.649,-30.1,0.7140000000000001,5017.5,1,0,0,1,1,0,0,0,0,0,0,0,0,0,0,0,1,0,1,0
25,4,0,0,170,2,999,0,-1.8,92.89299999999999,-46.2,1.25,5099.1,0,0,1,0,0,1,0,0,0,0,0,0,0,0,0,0,0,1,1,0
34,4,0,1,50,1,999,0,-1.8,92.89299999999999,-46.2,1.334,5099.1,0,0,1,0,0,1,0,0,0,0,0,0,0,0,0,0,1,0,1,0
34,7,1,0,145,1,999,0,1.4,93.444,-36.1,4.965,5228.1,0,0,1,0,1,0,0,0,0,0,0,0,0,0,0,0,0,1,1,0
51,5,0,0,236,2,999,0,1.4,94.465,-41.8,4.961,5228.1,0,0,1,0,0,0,0,0,0,0,0,1,0,0,0,0,1,0,0,1
41,6,0,0,348,2,999,0,1.1,93.994,-36.4,4.857,5191.0,0,0,1,0,0,0,0,0,0,0,0,0,0,1,0,0,1,0,0,1
52,7,1,0,161,1,999,1,-0.1,93.2,-42.0,4.191,5195.8,0,1,0,0,0,0,0,0,1,0,0,0,0,0,0,1,0,0,1,0
54,4,1,0,14,1,999,0,-1.8,93.075,-47.1,1.405,5099.1,0,0,1,0,0,1,0,0,0,0,0,0,0,0,0,0,0,1,1,0
29,4,0,1,107,2,999,0,-3.4,92.431,-26.9,0.735,5017.5,1,0,1,0,0,1,0,0,0,0,0,0,0,0,0,0,0,1,1,0
56,4,1,0,41,7,999,0,1.4,93.444,-36.1,4.9639999999999995,5228.1,0,0,1,0,0,0,0,0,0,0,1,0,0,0,0,0,1,0,0,1
42,7,0,0,73,2,999,0,1.4,93.91799999999999,-42.7,4.963,5228.1,0,0,1,0,1,0,0,0,0,0,0,0,0,0,0,0,1,0,1,0
37,5,1,0,481,1,999,0,1.4,93.444,-36.1,4.968,5228.1,0,0,1,0,0,0,0,1,0,0,0,0,0,0,0,0,1,0,1,0
46,4,1,0,56,2,999,0,1.1,93.994,-36.4,4.86,5191.0,0,0,1,0,1,0,0,0,0,0,0,0,0,0,0,1,0,0,0,1
49,6,1,1,128,8,999,0,1.4,93.444,-36.1,4.966,5228.1,0,0,1,0,0,0,0,0,0,1,0,0,0,0,0,1,0,0,0,1
27,3,0,0,68,3,999,0,1.4,93.91799999999999,-42.7,4.961,5228.1,0,0,1,0,0,1,0,0,0,0,0,0,0,0,0,0,0,1,0,1
36,7,0,0,616,2,999,0,1.4,93.91799999999999,-42.7,4.968,5228.1,0,0,1,0,0,0,0,0,0,0,0,0,0,0,1,0,1,0,1,0
48,5,1,0,700,2,999,0,1.4,94.465,-41.8,4.958,5228.1,0,0,1,0,0,1,0,0,0,0,0,0,0,0,0,0,1,0,0,1
53,4,1,0,600,4,999,0,-1.8,92.89299999999999,-46.2,1.291,5099.1,0,0,1,0,0,0,0,0,0,0,1,0,0,0,0,0,1,0,1,0
52,5,1,0,251,1,999,0,-0.1,93.2,-42.0,4.1530000000000005,5195.8,0,0,1,0,0,0,0,0,0,0,0,1,0,0,0,0,1,0,0,1
36,6,0,0,275,1,999,0,1.4,93.444,-36.1,4.967,5228.1,0,0,1,0,0,0,0,0,0,0,0,0,0,1,0,0,0,1,1,0
39,7,0,0,50,1,999,0,1.4,93.444,-36.1,4.967,5228.1,0,0,1,0,0,0,0,0,0,0,0,0,0,1,0,0,0,1,1,0
56,3,1,0,172,1,999,0,-1.8,93.075,-47.1,1.466,5099.1,0,0,1,0,0,0,0,0,0,1,0,0,0,0,0,0,1,0,0,1
52,7,0,0,188,3,999,0,1.4,93.91799999999999,-42.7,4.958,5228.1,0,0,1,0,0,0,0,1,0,0,0,0,0,0,0,0,0,1,1,0
29,5,1,0,96,3,999,0,-0.1,93.2,-42.0,4.12,5195.8,0,0,1,0,0,1,0,0,0,0,0,0,0,0,0,0,1,0,1,0
45,5,1,1,474,1,999,0,1.4,93.444,-36.1,4.963,5228.1,0,0,1,0,0,0,0,0,0,0,0,0,0,1,0,0,1,0,1,0
41,2,0,0,142,1,999,0,1.1,93.994,-36.4,4.859,5191.0,0,0,1,0,0,1,0,0,0,0,0,0,0,0,0,0,1,0,0,1
52,2,1,0,362,2,999,0,1.4,93.444,-36.1,4.966,5228.1,0,0,1,0,0,1,0,0,0,0,0,0,0,0,0,0,1,0,1,0
31,7,1,0,11,9,999,0,-1.8,92.89299999999999,-46.2,1.344,5099.1,0,0,1,0,0,0,0,0,0,0,0,0,0,0,1,0,0,1,1,0
34,3,0,0,168,3,999,0,-1.8,92.89299999999999,-46.2,1.334,5099.1,0,0,1,0,0,1,0,0,0,0,0,0,0,0,0,0,1,0,1,0
57,2,1,0,107,1,999,0,1.4,94.465,-41.8,4.961,5228.1,0,0,1,0,0,0,0,0,0,1,0,0,0,0,0,0,0,1,0,1
48,5,0,0,315,1,999,0,1.1,93.994,-36.4,4.856,5191.0,0,0,1,0,1,0,0,0,0,0,0,0,0,0,0,1,0,0,0,1
37,7,0,1,85,3,999,0,1.4,93.91799999999999,-42.7,4.959,5228.1,0,0,1,0,0,0,0,0,0,0,0,0,0,0,1,0,1,0,0,1
37,7,0,1,95,3,999,0,-1.8,92.89299999999999,-46.2,1.27,5099.1,0,0,1,0,0,0,1,0,0,0,0,0,0,0,0,1,0,0,1,0
30,4,1,0,18,11,999,0,1.4,93.91799999999999,-42.7,4.958,5228.1,0,0,1,0,0,1,0,0,0,0,0,0,0,0,0,0,1,0,1,0
29,5,0,0,718,13,999,0,1.4,94.465,-41.8,4.8660000000000005,5228.1,0,0,1,0,0,1,0,0,0,0,0,0,0,0,0,0,1,0,0,1
48,5,1,0,193,2,999,0,-1.8,93.075,-47.1,1.405,5099.1,0,0,1,0,0,0,0,0,0,0,0,1,0,0,0,0,1,0,1,0
34,7,1,1,38,1,999,0,1.4,93.444,-36.1,4.9639999999999995,5228.1,0,0,1,0,0,0,0,0,0,0,0,0,0,1,0,0,0,1,1,0
43,5,0,0,127,1,999,0,-0.1,93.2,-42.0,4.1530000000000005,5195.8,0,0,1,0,1,0,0,0,0,0,0,0,0,0,0,0,1,0,1,0
33,3,0,0,139,2,999,0,-1.8,92.89299999999999,-46.2,1.281,5099.1,0,0,1,0,0,1,0,0,0,0,0,0,0,0,0,0,1,0,1,0
25,5,0,0,345,2,999,0,-3.4,92.649,-30.1,0.715,5017.5,0,0,1,0,0,0,0,0,0,0,0,0,1,0,0,0,0,1,0,1
30,7,1,0,188,1,999,0,-1.8,92.89299999999999,-46.2,1.2990000000000002,5099.1,0,0,1,0,1,0,0,0,0,0,0,0,0,0,0,0,0,1,1,0
39,7,0,1,375,3,999,0,-1.7,94.215,-40.3,0.8270000000000001,4991.6,1,0,1,0,1,0,0,0,0,0,0,0,0,0,0,1,0,0,1,0
45,4,1,0,165,1,999,3,-1.8,93.876,-40.0,0.6920000000000001,5008.7,0,1,0,0,0,0,0,0,1,0,0,0,0,0,0,0,1,0,1,0
33,5,0,0,147,1,999,0,1.1,93.994,-36.4,4.857,5191.0,0,0,1,0,0,0,0,0,0,0,0,1,0,0,0,0,1,0,0,1
41,6,0,0,219,1,999,0,-1.8,93.075,-47.1,1.405,5099.1,0,0,1,0,0,0,0,0,0,0,0,0,0,1,0,0,1,0,1,0
27,2,1,0,185,1,999,0,1.4,93.91799999999999,-42.7,4.961,5228.1,0,0,1,0,0,1,0,0,0,0,0,0,0,0,0,0,1,0,1,0
43,4,1,1,252,3,999,0,-0.1,93.2,-42.0,4.191,5195.8,0,0,1,0,0,0,0,0,0,0,0,0,0,0,1,0,1,0,1,0
28,7,0,0,161,4,999,0,-1.7,94.027,-38.3,0.898,4991.6,0,0,1,0,1,0,0,0,0,0,0,0,0,0,0,0,1,0,1,0
57,7,0,1,76,5,999,0,1.1,93.994,-36.4,4.857,5191.0,0,0,1,0,0,0,0,0,0,0,0,0,0,1,0,0,1,0,0,1
37,5,1,0,316,2,999,0,1.4,93.91799999999999,-42.7,4.961,5228.1,0,0,1,0,1,0,0,0,0,0,0,0,0,0,0,0,0,1,1,0
30,4,0,1,5,1,999,0,-1.1,94.601,-49.5,0.953,4963.6,0,0,1,0,0,0,0,0,0,0,1,0,0,0,0,0,0,1,0,1
32,7,0,0,77,2,999,0,-0.1,93.2,-42.0,4.1530000000000005,5195.8,0,0,1,0,0,0,0,0,0,0,0,0,0,1,0,0,0,1,1,0
39,6,0,0,77,1,999,0,1.4,93.444,-36.1,4.965,5228.1,0,0,1,0,0,0,0,0,0,0,0,0,0,1,0,0,1,0,1,0
31,4,0,0,715,1,999,0,1.4,93.91799999999999,-42.7,4.957,5228.1,0,0,1,0,0,1,0,0,0,0,0,0,0,0,0,0,1,0,1,0
29,7,0,0,142,1,999,1,-0.1,93.2,-42.0,4.191,5195.8,0,1,0,0,1,0,0,0,0,0,0,0,0,0,0,0,1,0,1,0
32,4,1,0,123,3,999,0,1.4,94.465,-41.8,4.959,5228.1,0,0,1,0,0,1,0,0,0,0,0,0,0,0,0,0,1,0,0,1
49,4,1,0,161,4,999,0,1.4,93.444,-36.1,4.963,5228.1,0,0,1,0,1,0,0,0,0,0,0,0,0,0,0,0,1,0,1,0
33,5,0,0,2301,1,999,0,-1.8,92.89299999999999,-46.2,1.244,5099.1,1,0,1,0,0,1,0,0,0,0,0,0,0,0,0,0,0,1,1,0
43,3,1,0,286,1,999,1,-1.8,92.89299999999999,-46.2,1.344,5099.1,0,1,0,0,0,1,0,0,0,0,0,0,0,0,0,0,1,0,1,0
32,5,0,1,140,1,999,0,1.4,94.465,-41.8,4.96,5228.1,0,0,1,0,0,1,0,0,0,0,0,0,0,0,0,0,1,0,0,1
32,7,1,0,210,2,15,1,-1.7,94.215,-40.3,0.846,4991.6,0,0,0,1,1,0,0,0,0,0,0,0,0,0,0,0,0,1,1,0
34,5,0,0,29,16,999,0,1.4,93.91799999999999,-42.7,4.961,5228.1,0,0,1,0,0,0,0,0,0,0,0,1,0,0,0,0,0,1,0,1
35,7,1,0,150,1,999,0,1.1,93.994,-36.4,4.859,5191.0,0,0,1,0,1,0,0,0,0,0,0,0,0,0,0,0,1,0,0,1
36,4,0,0,234,2,999,0,1.4,93.91799999999999,-42.7,4.962,5228.1,0,0,1,0,0,1,0,0,0,0,0,0,0,0,0,0,0,1,1,0
36,4,1,0,57,3,999,0,-1.8,93.075,-47.1,1.405,5099.1,0,0,1,0,0,1,0,0,0,0,0,0,0,0,0,0,1,0,1,0
34,5,1,1,123,1,999,0,1.4,94.465,-41.8,4.961,5228.1,0,0,1,0,1,0,0,0,0,0,0,0,0,0,0,0,0,1,0,1
37,7,1,0,261,1,999,0,-1.8,93.075,-47.1,1.365,5099.1,1,0,1,0,1,0,0,0,0,0,0,0,0,0,0,0,0,1,1,0
40,7,1,0,145,2,999,0,1.4,93.444,-36.1,4.97,5228.1,0,0,1,0,0,0,1,0,0,0,0,0,0,0,0,0,1,0,1,0
27,5,0,1,100,4,999,0,1.1,93.994,-36.4,4.857,5191.0,0,0,1,0,0,0,0,0,0,0,0,1,0,0,0,0,1,0,0,1
48,6,1,1,231,1,999,0,1.1,93.994,-36.4,4.857,5191.0,0,0,1,0,0,1,0,0,0,0,0,0,0,0,0,0,1,0,0,1
32,5,1,0,126,1,999,0,-1.8,92.89299999999999,-46.2,1.244,5099.1,0,0,1,0,0,0,0,0,0,0,0,1,0,0,0,0,1,0,1,0
36,5,1,0,88,2,999,0,-0.1,93.2,-42.0,4.191,5195.8,0,0,1,0,1,0,0,0,0,0,0,0,0,0,0,0,1,0,1,0
55,2,1,0,164,1,999,1,-1.8,93.075,-47.1,1.483,5099.1,0,1,0,0,0,1,0,0,0,0,0,0,0,0,0,1,0,0,1,0
33,7,1,0,400,3,999,0,1.4,93.91799999999999,-42.7,4.962,5228.1,0,0,1,0,0,0,0,0,1,0,0,0,0,0,0,0,0,1,1,0
41,7,1,1,341,2,999,0,1.1,93.994,-36.4,4.855,5191.0,0,0,1,0,0,0,0,0,1,0,0,0,0,0,0,1,0,0,0,1
35,7,0,0,70,1,999,0,1.4,93.444,-36.1,4.966,5228.1,0,0,1,0,1,0,0,0,0,0,0,0,0,0,0,0,1,0,1,0
34,6,1,1,64,1,999,0,1.4,93.444,-36.1,4.97,5228.1,0,0,1,0,0,0,0,0,0,0,0,0,0,1,0,0,0,1,0,1
44,5,1,0,10,5,999,0,-1.8,92.89299999999999,-46.2,1.344,5099.1,0,0,1,0,0,0,0,0,0,0,0,1,0,0,0,0,1,0,1,0
58,2,0,0,533,1,999,0,1.4,93.91799999999999,-42.7,4.961,5228.1,0,0,1,0,0,0,0,1,0,0,0,0,0,0,0,0,1,0,1,0
56,7,0,0,178,2,3,1,-3.4,92.649,-30.1,0.716,5017.5,1,0,0,1,0,0,0,0,0,0,0,0,0,1,0,1,0,0,1,0
36,5,1,0,245,5,999,0,-1.8,93.075,-47.1,1.405,5099.1,0,0,1,0,1,0,0,0,0,0,0,0,0,0,0,0,0,1,1,0
41,7,1,0,95,1,3,1,-3.4,92.649,-30.1,0.715,5017.5,1,0,0,1,1,0,0,0,0,0,0,0,0,0,0,0,1,0,1,0
35,4,1,0,126,3,999,0,1.4,93.91799999999999,-42.7,4.962,5228.1,0,0,1,0,0,1,0,0,0,0,0,0,0,0,0,0,0,1,1,0
34,5,1,0,195,2,999,1,-1.8,92.89299999999999,-46.2,1.281,5099.1,0,1,0,0,1,0,0,0,0,0,0,0,0,0,0,0,0,1,1,0
32,4,0,0,78,1,999,0,1.4,94.465,-41.8,4.961,5228.1,0,0,1,0,0,1,0,0,0,0,0,0,0,0,0,0,1,0,0,1
35,4,1,0,212,1,999,2,-1.1,94.76700000000001,-50.8,1.05,4963.6,0,1,0,0,0,1,0,0,0,0,0,0,0,0,0,0,1,0,1,0
28,7,0,0,363,2,999,0,1.4,93.91799999999999,-42.7,4.963,5228.1,0,0,1,0,0,0,0,0,0,0,0,1,0,0,0,0,0,1,1,0
28,7,0,0,265,1,999,0,1.4,93.91799999999999,-42.7,4.962,5228.1,0,0,1,0,0,0,0,0,0,0,0,0,0,1,0,1,0,0,1,0
42,4,0,0,474,1,999,0,1.1,93.994,-36.4,4.857,5191.0,0,0,1,0,0,0,0,0,0,0,0,0,0,1,0,1,0,0,0,1
43,2,1,0,180,5,999,0,1.1,93.994,-36.4,4.856,5191.0,0,0,1,0,0,1,0,0,0,0,0,0,0,0,0,0,1,0,0,1
58,2,0,0,1045,1,999,0,1.1,93.994,-36.4,4.856,5191.0,1,0,1,0,0,0,0,0,0,1,0,0,0,0,0,0,1,0,0,1
53,4,1,0,122,4,999,0,1.4,93.91799999999999,-42.7,4.961,5228.1,0,0,1,0,0,1,0,0,0,0,0,0,0,0,0,0,1,0,1,0
34,7,0,0,1167,1,999,0,1.1,93.994,-36.4,4.856,5191.0,0,0,1,0,1,0,0,0,0,0,0,0,0,0,0,0,1,0,0,1
34,5,0,0,63,1,999,0,-1.8,92.89299999999999,-46.2,1.281,5099.1,0,0,1,0,0,0,0,0,0,0,0,0,0,1,0,0,0,1,1,0
47,5,1,0,188,1,3,1,-3.4,92.37899999999999,-29.8,0.77,5017.5,0,0,0,1,1,0,0,0,0,0,0,0,0,0,0,1,0,0,1,0
51,5,1,0,81,1,999,0,1.4,94.465,-41.8,4.961,5228.1,0,0,1,0,0,0,0,0,0,0,0,1,0,0,0,0,1,0,0,1
36,7,1,0,120,11,999,0,1.4,94.465,-41.8,4.864,5228.1,0,0,1,0,1,0,0,0,0,0,0,0,0,0,0,0,1,0,0,1
47,7,0,0,1014,3,999,0,-0.1,93.2,-42.0,4.1530000000000005,5195.8,0,0,1,0,1,0,0,0,0,0,0,0,0,0,0,0,1,0,1,0
37,6,1,1,144,1,999,0,1.4,93.91799999999999,-42.7,4.961,5228.1,0,0,1,0,0,0,0,0,0,0,0,0,0,1,0,0,1,0,1,0
57,2,1,0,145,1,999,0,-1.8,92.89299999999999,-46.2,1.344,5099.1,0,0,1,0,0,1,0,0,0,0,0,0,0,0,0,0,1,0,1,0
24,5,1,1,316,3,999,1,-1.7,94.215,-40.3,0.835,4991.6,0,1,0,0,0,0,0,0,0,0,0,0,1,0,0,0,0,1,1,0
51,7,0,0,269,10,999,0,1.1,93.994,-36.4,4.857,5191.0,0,0,1,0,0,0,0,0,1,0,0,0,0,0,0,1,0,0,0,1
43,6,0,0,265,2,999,0,1.1,93.994,-36.4,4.864,5191.0,0,0,1,0,0,0,0,0,0,0,0,0,0,1,0,0,1,0,0,1
33,5,1,1,109,1,999,0,-1.8,92.89299999999999,-46.2,1.264,5099.1,0,0,1,0,0,0,0,0,0,0,0,0,0,0,1,0,1,0,1,0
35,4,1,0,26,4,999,2,-1.8,93.075,-47.1,1.405,5099.1,0,1,0,0,0,0,0,0,0,0,0,1,0,0,0,0,1,0,0,1
31,3,1,1,8,3,999,0,1.4,94.465,-41.8,4.959,5228.1,0,0,1,0,0,0,1,0,0,0,0,0,0,0,0,0,0,1,0,1
56,6,0,0,51,2,999,0,-0.1,93.2,-42.0,4.0760000000000005,5195.8,0,0,1,0,0,0,0,0,0,0,0,0,0,1,0,0,1,0,1,0
43,6,1,0,99,3,999,0,1.4,94.465,-41.8,4.961,5228.1,0,0,1,0,0,0,0,0,0,0,0,0,0,1,0,1,0,0,0,1
30,7,0,0,212,4,999,0,-1.7,94.055,-39.8,0.72,4991.6,1,0,1,0,0,0,0,0,0,0,1,0,0,0,0,0,1,0,1,0
34,7,1,0,568,1,6,3,-1.8,93.369,-34.8,0.652,5008.7,1,0,0,1,1,0,0,0,0,0,0,0,0,0,0,0,0,1,1,0
39,4,0,0,131,1,999,0,1.4,93.91799999999999,-42.7,4.962,5228.1,0,0,1,0,1,0,0,0,0,0,0,0,0,0,0,0,1,0,1,0
36,7,1,0,506,2,999,0,-1.8,93.075,-47.1,1.405,5099.1,0,0,1,0,1,0,0,0,0,0,0,0,0,0,0,0,1,0,1,0
57,7,0,0,81,1,999,1,-1.8,93.075,-47.1,1.365,5099.1,0,1,0,0,0,0,0,0,0,1,0,0,0,0,0,0,1,0,1,0
30,5,0,0,131,2,999,0,-0.1,93.2,-42.0,4.12,5195.8,0,0,1,0,1,0,0,0,0,0,0,0,0,0,0,1,0,0,1,0
29,7,1,0,67,1,999,0,1.4,93.444,-36.1,4.968,5228.1,0,0,1,0,1,0,0,0,0,0,0,0,0,0,0,0,0,1,1,0
33,5,0,0,131,1,999,0,1.1,93.994,-36.4,4.856,5191.0,0,0,1,0,0,0,0,0,0,0,0,1,0,0,0,0,1,0,0,1
44,5,1,0,1628,2,6,1,-3.4,92.649,-30.1,0.7190000000000001,5017.5,1,0,0,1,1,0,0,0,0,0,0,0,0,0,0,1,0,0,0,1
32,5,0,0,406,2,999,0,1.4,94.465,-41.8,4.8660000000000005,5228.1,0,0,1,0,0,0,0,1,0,0,0,0,0,0,0,0,0,1,0,1
55,2,0,0,130,1,999,1,-1.8,92.89299999999999,-46.2,1.281,5099.1,0,1,0,0,0,1,0,0,0,0,0,0,0,0,0,1,0,0,1,0
